installation,plot_id,veg_id,over_100cm,date,notes,scientific_name,functional_group,Genus,Species,Status,functional_group__1,visit_year,species_name
blanding,blanding b1,ASIMI,9,2017-06-08,NA,Asimina spp.,shrub,Asimina,spp.,native/introduced,shrub,2017,Asimina spp.
blanding,blanding b1,DIVI,3,2017-06-08,NA,Diospyros virginiana,tree,Diospyros,virginiana,native,tree,2017,Diospyros virginiana
blanding,blanding b1,QULA,8,2017-06-08,NA,Quercus laevis,tree,Quercus,laevis,native,tree,2017,Quercus laevis
blanding,blanding b1,SM,1,2017-06-08,NA,Smilax spp.,vine,Smilax,spp.,native,vine,2017,Smilax spp.
blanding,blanding a1,DIVI,1,2017-06-09,NA,Diospyros virginiana,tree,Diospyros,virginiana,native,tree,2017,Diospyros virginiana
blanding,blanding a1,QULA,8,2017-06-09,NA,Quercus laevis,tree,Quercus,laevis,native,tree,2017,Quercus laevis
blanding,blanding e1,ASIMI,3,2017-06-14,NA,Asimina spp.,shrub,Asimina,spp.,native/introduced,shrub,2017,Asimina spp.
blanding,blanding e1,PIPA,3,2017-06-14,NA,Pinus palustris,tree,Pinus,palustris,native,tree,2017,Pinus palustris
blanding,blanding e1,QUHE,1,2017-06-14,NA,Quercus hemisphaerica,tree,Quercus,hemisphaerica,native,tree,2017,Quercus hemisphaerica
blanding,blanding e1,QULA,3,2017-06-14,NA,Quercus laevis,tree,Quercus,laevis,native,tree,2017,Quercus laevis
blanding,blanding e1,QUMY,1,2017-06-14,NA,Quercus myrtifolia,tree,Quercus,myrtifolia,native,tree,2017,Quercus myrtifolia
blanding,blanding e1,SERE,1,2017-06-14,NA,Serenoa repens,shrub/tree,Serenoa,repens,native,shrub/tree,2017,Serenoa repens
blanding,blanding g1,SERE,48,2017-06-15,NA,Serenoa repens,shrub/tree,Serenoa,repens,native,shrub/tree,2017,Serenoa repens
blanding,blanding h1,DIVI,17,2017-06-20,NA,Diospyros virginiana,tree,Diospyros,virginiana,native,tree,2017,Diospyros virginiana
blanding,blanding h1,QUNI,7,2017-06-20,NA,Quercus nigra,tree,Quercus,nigra,native,tree,2017,Quercus nigra
blanding,blanding f1,ASIMI,8,2017-06-21,NA,Asimina spp.,shrub,Asimina,spp.,native/introduced,shrub,2017,Asimina spp.
blanding,blanding d1,DIVI,3,2017-06-21,NA,Diospyros virginiana,tree,Diospyros,virginiana,native,tree,2017,Diospyros virginiana
blanding,blanding f1,DIVI,4,2017-06-21,NA,Diospyros virginiana,tree,Diospyros,virginiana,native,tree,2017,Diospyros virginiana
blanding,blanding f1,PICL,1,2017-06-21,NA,Pinus clausa,tree,Pinus,clausa,native,tree,2017,Pinus clausa
blanding,blanding f1,PIPA,1,2017-06-21,NA,Pinus palustris,tree,Pinus,palustris,native,tree,2017,Pinus palustris
blanding,blanding d1,QUGE,6,2017-06-21,NA,Quercus geminata,tree,Quercus,geminata,native,tree,2017,Quercus geminata
blanding,blanding f1,QUIN,4,2017-06-21,NA,Quercus incana,tree,Quercus,incana,native,tree,2017,Quercus incana
blanding,blanding d1,QULA,5,2017-06-21,NA,Quercus laevis,tree,Quercus,laevis,native,tree,2017,Quercus laevis
blanding,blanding f1,QULA,8,2017-06-21,NA,Quercus laevis,tree,Quercus,laevis,native,tree,2017,Quercus laevis
blanding,blanding f1,QUMY,11,2017-06-21,NA,Quercus myrtifolia,tree,Quercus,myrtifolia,native,tree,2017,Quercus myrtifolia
blanding,blanding d1,QUNI,1,2017-06-21,NA,Quercus nigra,tree,Quercus,nigra,native,tree,2017,Quercus nigra
blanding,blanding f1,QUNI,1,2017-06-21,NA,Quercus nigra,tree,Quercus,nigra,native,tree,2017,Quercus nigra
blanding,blanding f1,RHCO,7,2017-06-21,NA,Rhus copallinum,shrub,Rhus,copallinum,native,shrub,2017,Rhus copallinum
avonpark,avonpark a1,SERE,2,2017-06-27,NA,Serenoa repens,shrub/tree,Serenoa,repens,native,shrub/tree,2017,Serenoa repens
avonpark,avonpark c1,LYFE,3,2017-06-28,NA,Lyonia ferruginea,shrub,Lyonia,ferruginea,native,shrub,2017,Lyonia ferruginea
avonpark,avonpark c1,MOCE,3,2017-06-28,NA,Morella cerifera,shrub,Morella,cerifera,native,shrub,2017,Morella cerifera
avonpark,avonpark c1,SERE,6,2017-06-28,NA,Serenoa repens,shrub/tree,Serenoa,repens,native,shrub/tree,2017,Serenoa repens
avonpark,avonpark c1,shrub-forb 11:48,1,2017-06-28,NA,NA,NA,NA,NA,NA,NA,2017,NA NA
avonpark,avonpark b1,ILEX,5,2017-06-29,NA,Ilex spp.,shrub,Ilex,spp.,native/introduced,shrub,2017,Ilex spp.
avonpark,avonpark b1,SERE,42,2017-06-29,NA,Serenoa repens,shrub/tree,Serenoa,repens,native,shrub/tree,2017,Serenoa repens
avonpark,avonpark d1,PICL,4,2017-06-30,NA,Pinus clausa,tree,Pinus,clausa,native,tree,2017,Pinus clausa
avonpark,avonpark d1,QUGE,13,2017-06-30,NA,Quercus geminata,tree,Quercus,geminata,native,tree,2017,Quercus geminata
avonpark,avonpark d1,QUMY,18,2017-06-30,NA,Quercus myrtifolia,tree,Quercus,myrtifolia,native,tree,2017,Quercus myrtifolia
avonpark,avonpark d1,QUMY,3,2017-06-30,NA,Quercus myrtifolia,tree,Quercus,myrtifolia,native,tree,2017,Quercus myrtifolia
avonpark,avonpark d1,QUNI,4,2017-06-30,NA,Quercus nigra,tree,Quercus,nigra,native,tree,2017,Quercus nigra
avonpark,avonpark d1,SERE,14,2017-06-30,NA,Serenoa repens,shrub/tree,Serenoa,repens,native,shrub/tree,2017,Serenoa repens
tyndall,tyndall b1,NA,0,2017-07-18,placeholder zero for plot visit,NA,NA,NA,NA,NA,NA,2017,NA NA
tyndall,tyndall b2,SERE,2,2017-07-19,NA,Serenoa repens,shrub/tree,Serenoa,repens,native,shrub/tree,2017,Serenoa repens
tyndall,tyndall h1,HYPER,27,2017-07-20,NA,Hypericum spp.,forb,Hypericum,spp.,native,forb,2017,Hypericum spp.
tyndall,tyndall d1,ILGL,7,2017-07-20,NA,Ilex glabra,shrub,Ilex,glabra,native,shrub,2017,Ilex glabra
tyndall,tyndall h1,ILGL,1300,2017-07-20,NA,Ilex glabra,shrub,Ilex,glabra,native,shrub,2017,Ilex glabra
tyndall,tyndall d1,MOCE,1,2017-07-20,NA,Morella cerifera,shrub,Morella,cerifera,native,shrub,2017,Morella cerifera
tyndall,tyndall d1,QUHE,1,2017-07-20,NA,Quercus hemisphaerica,tree,Quercus,hemisphaerica,native,tree,2017,Quercus hemisphaerica
tyndall,tyndall d1,QUERC,4,2017-07-20,NA,Quercus spp.,tree/shrub,Quercus,spp.,native/introduced,tree/shrub,2017,Quercus spp.
tyndall,tyndall d1,SERE,16,2017-07-20,NA,Serenoa repens,shrub/tree,Serenoa,repens,native,shrub/tree,2017,Serenoa repens
tyndall,tyndall h1,SERE,5,2017-07-20,NA,Serenoa repens,shrub/tree,Serenoa,repens,native,shrub/tree,2017,Serenoa repens
tyndall,tyndall h1,skinny leaf,38,2017-07-20,NA,NA,NA,NA,NA,NA,NA,2017,NA NA
eglin,eglin h1,CHFA,6,2017-08-16,"idk what SF is - SC 8/30, changed to woody goldenrod",Chamaecrista fasciculata,forb,Chamaecrista,fasciculata,native,forb,2017,Chamaecrista fasciculata
eglin,eglin h1,CRATA,19,2017-08-16,NA,Crataegus spp.,shrub,Crataegus,spp.,native/introduced,shrub,2017,Crataegus spp.
eglin,eglin h1,PIPA,6,2017-08-16,NA,Pinus palustris,tree,Pinus,palustris,native,tree,2017,Pinus palustris
eglin,eglin h1,QUGE,1,2017-08-16,NA,Quercus geminata,tree,Quercus,geminata,native,tree,2017,Quercus geminata
eglin,eglin h1,QULA,9,2017-08-16,NA,Quercus laevis,tree,Quercus,laevis,native,tree,2017,Quercus laevis
eglin,eglin h1,QUNI,1,2017-08-16,NA,Quercus nigra,tree,Quercus,nigra,native,tree,2017,Quercus nigra
eglin,eglin h1,QUERC,9,2017-08-16,chapman?,Quercus spp.,tree/shrub,Quercus,spp.,native/introduced,tree/shrub,2017,Quercus spp.
eglin,eglin h1,SERE,1,2017-08-16,NA,Serenoa repens,shrub/tree,Serenoa,repens,native,shrub/tree,2017,Serenoa repens
eglin,eglin d1,DIVI,4,2017-08-17,NA,Diospyros virginiana,tree,Diospyros,virginiana,native,tree,2017,Diospyros virginiana
eglin,eglin d1,QULA,2,2017-08-17,NA,Quercus laevis,tree,Quercus,laevis,native,tree,2017,Quercus laevis
eglin,eglin d1,SERE,8,2017-08-17,NA,Serenoa repens,shrub/tree,Serenoa,repens,native,shrub/tree,2017,Serenoa repens
eglin,eglin p1,CHFA,5,2017-08-18,"idk what SF is - SC 8/30, changed to woody goldenrod",Chamaecrista fasciculata,forb,Chamaecrista,fasciculata,native,forb,2017,Chamaecrista fasciculata
eglin,eglin p1,DIVI,6,2017-08-18,NA,Diospyros virginiana,tree,Diospyros,virginiana,native,tree,2017,Diospyros virginiana
eglin,eglin p1,PIPA,4,2017-08-18,NA,Pinus palustris,tree,Pinus,palustris,native,tree,2017,Pinus palustris
eglin,eglin p1,QUIN,1,2017-08-18,NA,Quercus incana,tree,Quercus,incana,native,tree,2017,Quercus incana
eglin,eglin p1,QULA,2,2017-08-18,NA,Quercus laevis,tree,Quercus,laevis,native,tree,2017,Quercus laevis
eglin,eglin p1,QULA,1,2017-08-18,NA,Quercus laevis,tree,Quercus,laevis,native,tree,2017,Quercus laevis
eglin,eglin p1,alt shrub 2,1,2017-08-18,NA,NA,NA,NA,NA,NA,NA,2017,NA NA
eglin,eglin b1,CHFA,1,2017-08-19,"idk what SF is - SC 8/30, changed to woody goldenrod",Chamaecrista fasciculata,forb,Chamaecrista,fasciculata,native,forb,2017,Chamaecrista fasciculata
eglin,eglin b1,CRATA,3,2017-08-19,NA,Crataegus spp.,shrub,Crataegus,spp.,native/introduced,shrub,2017,Crataegus spp.
eglin,eglin b1,DIVI,1,2017-08-19,NA,Diospyros virginiana,tree,Diospyros,virginiana,native,tree,2017,Diospyros virginiana
eglin,eglin b1,PIPA,1,2017-08-19,NA,Pinus palustris,tree,Pinus,palustris,native,tree,2017,Pinus palustris
eglin,eglin b1,RHCO,1,2017-08-19,NA,Rhus copallinum,shrub,Rhus,copallinum,native,shrub,2017,Rhus copallinum
moody,moody a1,CAAM,10,2017-08-29,NA,Callicarpa americana,shrub,Callicarpa,americana,native,shrub,2017,Callicarpa americana
moody,moody a1,CRSP2,2,2017-08-29,NA,Crotalaria spectabilis,forb,Crotalaria,spectabilis,invasive,forb,2017,Crotalaria spectabilis
moody,moody b1,ILGL,18,2017-08-29,NA,Ilex glabra,shrub,Ilex,glabra,native,shrub,2017,Ilex glabra
moody,moody a1,LIST,2,2017-08-29,NA,Liquidambar styraciflua,tree,Liquidambar,styraciflua,native,tree,2017,Liquidambar styraciflua
moody,moody a1,MAGNO,1,2017-08-29,NA,Magnolia spp.,shrub/tree,Magnolia,spp.,native/introduced,shrub/tree,2017,Magnolia spp.
moody,moody a1,MOCE,2,2017-08-29,NA,Morella cerifera,shrub,Morella,cerifera,native,shrub,2017,Morella cerifera
moody,moody b1,MOCE,1,2017-08-29,NA,Morella cerifera,shrub,Morella,cerifera,native,shrub,2017,Morella cerifera
moody,moody b1,QUNI,23,2017-08-29,NA,Quercus nigra,tree,Quercus,nigra,native,tree,2017,Quercus nigra
moody,moody a1,QUST,1,2017-08-29,NA,Quercus stellata,tree,Quercus,stellata,native,tree,2017,Quercus stellata
moody,moody a1,QUST,1,2017-08-29,NA,Quercus stellata,tree,Quercus,stellata,native,tree,2017,Quercus stellata
moody,moody a1,RHAR,1,2017-08-29,NA,Rhus  aromatica,shrub,Rhus,aromatica,native,shrub,2017,Rhus aromatica
moody,moody a1,unknown,1,2017-08-29,NA,NA,NA,NA,NA,NA,NA,2017,NA NA
moody,moody k1,MENTH,1,2017-08-31,NA,Mentha  spp.,forb,Mentha,spp.,native/introduced,forb,2017,Mentha spp.
moody,moody k1,QUNI,1,2017-08-31,NA,Quercus nigra,tree,Quercus,nigra,native,tree,2017,Quercus nigra
shelby,shelby b1,ACRU,5,2017-09-21,NA,Acer  rubrum,tree,Acer,rubrum,native,tree,2017,Acer rubrum
shelby,shelby b1,BACCH,7,2017-09-21,NA,Baccharis spp.,forb,Baccharis,spp.,native,forb,2017,Baccharis spp.
shelby,shelby b1,CAAM,43,2017-09-21,NA,Callicarpa americana,shrub,Callicarpa,americana,native,shrub,2017,Callicarpa americana
shelby,shelby f1,CAAM,10,2017-09-21,NA,Callicarpa americana,shrub,Callicarpa,americana,native,shrub,2017,Callicarpa americana
shelby,shelby b1,CAPU2,4,2017-09-21,chinquapin,Castanea pumila,shrub,Castanea,pumila,native,shrub,2017,Castanea pumila
shelby,shelby b1,ILGL,6,2017-09-21,NA,Ilex glabra,shrub,Ilex,glabra,native,shrub,2017,Ilex glabra
shelby,shelby f1,ILGL,20,2017-09-21,NA,Ilex glabra,shrub,Ilex,glabra,native,shrub,2017,Ilex glabra
shelby,shelby b1,ILVO,3,2017-09-21,NA,Ilex vomitoria,shrub,Ilex,vomitoria,native,shrub,2017,Ilex vomitoria
shelby,shelby f1,ILVO,41,2017-09-21,NA,Ilex vomitoria,shrub,Ilex,vomitoria,native,shrub,2017,Ilex vomitoria
shelby,shelby f1,ILOP,1,2017-09-21,NA,Ilex  opaca,shrub,Ilex,opaca,native,shrub,2017,Ilex opaca
shelby,shelby b1,LIST,21,2017-09-21,NA,Liquidambar styraciflua,tree,Liquidambar,styraciflua,native,tree,2017,Liquidambar styraciflua
shelby,shelby b1,MAVI,3,2017-09-21,NA,Magnolia virginiana,tree,Magnolia,virginiana,native,tree,2017,Magnolia virginiana
shelby,shelby f1,MAVI,24,2017-09-21,NA,Magnolia virginiana,tree,Magnolia,virginiana,native,tree,2017,Magnolia virginiana
shelby,shelby b1,MOCE,7,2017-09-21,NA,Morella cerifera,shrub,Morella,cerifera,native,shrub,2017,Morella cerifera
shelby,shelby f1,MOCE,5,2017-09-21,NA,Morella cerifera,shrub,Morella,cerifera,native,shrub,2017,Morella cerifera
shelby,shelby b1,NYSY,2,2017-09-21,NA,Nyssa sylvatica,tree,Nyssa,sylvatica,native,tree,2017,Nyssa sylvatica
shelby,shelby f1,PITA,37,2017-09-21,NA,Pinus taeda,tree,Pinus,taeda,native,tree,2017,Pinus taeda
shelby,shelby b1,QUNI,9,2017-09-21,NA,Quercus nigra,tree,Quercus,nigra,native,tree,2017,Quercus nigra
shelby,shelby f1,QUNI,19,2017-09-21,NA,Quercus nigra,tree,Quercus,nigra,native,tree,2017,Quercus nigra
shelby,shelby b1,QUST,3,2017-09-21,NA,Quercus stellata,tree,Quercus,stellata,native,tree,2017,Quercus stellata
shelby,shelby b1,RHCO,8,2017-09-21,NA,Rhus copallinum,shrub,Rhus,copallinum,native,shrub,2017,Rhus copallinum
shelby,shelby f1,RHCO,15,2017-09-21,NA,Rhus copallinum,shrub,Rhus,copallinum,native,shrub,2017,Rhus copallinum
shelby,shelby b1,RUBUS,1,2017-09-21,NA,Rubus spp.,forb/shrub,Rubus,spp.,native/introduced,forb/shrub,2017,Rubus spp.
shelby,shelby b1,VACCI,2,2017-09-21,NA,Vaccinium spp.,shrub,Vaccinium,spp.,native,shrub,2017,Vaccinium spp.
shelby,shelby f1,VACCI,19,2017-09-21,NA,Vaccinium spp.,shrub,Vaccinium,spp.,native,shrub,2017,Vaccinium spp.
shelby,shelby d1,ACRU,5,2017-09-23,NA,Acer  rubrum,tree,Acer,rubrum,native,tree,2017,Acer rubrum
shelby,shelby d1,DIVI,2,2017-09-23,NA,Diospyros virginiana,tree,Diospyros,virginiana,native,tree,2017,Diospyros virginiana
shelby,shelby d1,ILGL,122,2017-09-23,NA,Ilex glabra,shrub,Ilex,glabra,native,shrub,2017,Ilex glabra
shelby,shelby d1,ILVO,9,2017-09-23,NA,Ilex vomitoria,shrub,Ilex,vomitoria,native,shrub,2017,Ilex vomitoria
shelby,shelby d1,MOCE,3,2017-09-23,NA,Morella cerifera,shrub,Morella,cerifera,native,shrub,2017,Morella cerifera
shelby,shelby d1,QUNI,15,2017-09-23,NA,Quercus nigra,tree,Quercus,nigra,native,tree,2017,Quercus nigra
shelby,shelby d1,SAAL5,1,2017-09-23,NA,Sassafras albidum,shrub,Sassafras,albidum,native,shrub,2017,Sassafras albidum
shelby,shelby d1,VACCI,6,2017-09-23,changed to vaccinium from red speckle,Vaccinium spp.,shrub,Vaccinium,spp.,native,shrub,2017,Vaccinium spp.
shelby,shelby b2,CAAM,19,2017-09-24,NA,Callicarpa americana,shrub,Callicarpa,americana,native,shrub,2017,Callicarpa americana
shelby,shelby b3,CAAM,64,2017-09-24,NA,Callicarpa americana,shrub,Callicarpa,americana,native,shrub,2017,Callicarpa americana
shelby,shelby g1,DIVI,5,2017-09-24,NA,Diospyros virginiana,tree,Diospyros,virginiana,native,tree,2017,Diospyros virginiana
shelby,shelby b3,EUCA5,27,2017-09-24,NA,Eupatorium capillofolium,forb,Eupatorium,capillofolium,native,forb,2017,Eupatorium capillofolium
shelby,shelby b2,ILGL,134,2017-09-24,NA,Ilex glabra,shrub,Ilex,glabra,native,shrub,2017,Ilex glabra
shelby,shelby b3,ILGL,8,2017-09-24,NA,Ilex glabra,shrub,Ilex,glabra,native,shrub,2017,Ilex glabra
shelby,shelby g1,ILGL,131,2017-09-24,NA,Ilex glabra,shrub,Ilex,glabra,native,shrub,2017,Ilex glabra
shelby,shelby b3,ILVO,2,2017-09-24,NA,Ilex vomitoria,shrub,Ilex,vomitoria,native,shrub,2017,Ilex vomitoria
shelby,shelby g1,ILVO,51,2017-09-24,NA,Ilex vomitoria,shrub,Ilex,vomitoria,native,shrub,2017,Ilex vomitoria
shelby,shelby b2,LEBI,1,2017-09-24,NA,Lespedeza bicolor Turcz.,forb/shrub,Lespedeza,bicolor Turcz.,invasive,forb/shrub,2017,Lespedeza bicolor Turcz.
shelby,shelby b3,LEBI,7,2017-09-24,NA,Lespedeza bicolor Turcz.,forb/shrub,Lespedeza,bicolor Turcz.,invasive,forb/shrub,2017,Lespedeza bicolor Turcz.
shelby,shelby g1,LIST,8,2017-09-24,NA,Liquidambar styraciflua,tree,Liquidambar,styraciflua,native,tree,2017,Liquidambar styraciflua
shelby,shelby g1,MAGNO,14,2017-09-24,NA,Magnolia spp.,shrub/tree,Magnolia,spp.,native/introduced,shrub/tree,2017,Magnolia spp.
shelby,shelby b2,MAVI,31,2017-09-24,NA,Magnolia virginiana,tree,Magnolia,virginiana,native,tree,2017,Magnolia virginiana
shelby,shelby b3,MOCE,7,2017-09-24,NA,Morella cerifera,shrub,Morella,cerifera,native,shrub,2017,Morella cerifera
shelby,shelby g1,MOCE,5,2017-09-24,NA,Morella cerifera,shrub,Morella,cerifera,native,shrub,2017,Morella cerifera
shelby,shelby b3,PIPA,2,2017-09-24,NA,Pinus palustris,tree,Pinus,palustris,native,tree,2017,Pinus palustris
shelby,shelby g1,PIPA,2,2017-09-24,NA,Pinus palustris,tree,Pinus,palustris,native,tree,2017,Pinus palustris
shelby,shelby b2,QUIN,4,2017-09-24,NA,Quercus incana,tree,Quercus,incana,native,tree,2017,Quercus incana
shelby,shelby b3,QUIN,2,2017-09-24,NA,Quercus incana,tree,Quercus,incana,native,tree,2017,Quercus incana
shelby,shelby g1,QUIN,10,2017-09-24,NA,Quercus incana,tree,Quercus,incana,native,tree,2017,Quercus incana
shelby,shelby b2,QUNI,24,2017-09-24,NA,Quercus nigra,tree,Quercus,nigra,native,tree,2017,Quercus nigra
shelby,shelby b3,QUNI,4,2017-09-24,NA,Quercus nigra,tree,Quercus,nigra,native,tree,2017,Quercus nigra
shelby,shelby g1,QUNI,31,2017-09-24,NA,Quercus nigra,tree,Quercus,nigra,native,tree,2017,Quercus nigra
shelby,shelby b3,QUST,7,2017-09-24,NA,Quercus stellata,tree,Quercus,stellata,native,tree,2017,Quercus stellata
shelby,shelby b2,RHCO,5,2017-09-24,NA,Rhus copallinum,shrub,Rhus,copallinum,native,shrub,2017,Rhus copallinum
shelby,shelby g1,RHCO,10,2017-09-24,NA,Rhus copallinum,shrub,Rhus,copallinum,native,shrub,2017,Rhus copallinum
shelby,shelby g1,VACCI,8,2017-09-24,NA,Vaccinium spp.,shrub,Vaccinium,spp.,native,shrub,2017,Vaccinium spp.
blanding,blanding m1,ASIMI,2,2018-05-15,NA,Asimina spp.,shrub,Asimina,spp.,native/introduced,shrub,2018,Asimina spp.
blanding,blanding m1,DIVI,16,2018-05-15,NA,Diospyros virginiana,tree,Diospyros,virginiana,native,tree,2018,Diospyros virginiana
blanding,blanding m1,PIPA,1,2018-05-15,NA,Pinus palustris,tree,Pinus,palustris,native,tree,2018,Pinus palustris
blanding,blanding i1,QUIN,2,2018-05-15,NA,Quercus incana,tree,Quercus,incana,native,tree,2018,Quercus incana
blanding,blanding m1,QUNI,2,2018-05-15,NA,Quercus nigra,tree,Quercus,nigra,native,tree,2018,Quercus nigra
blanding,blanding i1,SERE,1,2018-05-15,NA,Serenoa repens,shrub/tree,Serenoa,repens,native,shrub/tree,2018,Serenoa repens
blanding,blanding c1,ASTR,2,2018-05-16,corrected arst wiregrass to ASTR pawpaw,Asimina triloba,tree,Asimina,triloba,native,tree,2018,Asimina triloba
blanding,blanding theater_cogon,NA,0,2018-05-16,placeholder zero for plot visit,NA,NA,NA,NA,NA,NA,2018,NA NA
blanding,blanding k1,QUNI,2,2018-05-22,NA,Quercus nigra,tree,Quercus,nigra,native,tree,2018,Quercus nigra
blanding,blanding n1,ASIMI,6,2018-05-24,NA,Asimina spp.,shrub,Asimina,spp.,native/introduced,shrub,2018,Asimina spp.
blanding,blanding n1,DIVI,1,2018-05-24,NA,Diospyros virginiana,tree,Diospyros,virginiana,native,tree,2018,Diospyros virginiana
blanding,blanding n1,QULA,1,2018-05-24,NA,Quercus laevis,tree,Quercus,laevis,native,tree,2018,Quercus laevis
blanding,blanding n1,QUNI,5,2018-05-24,NA,Quercus nigra,tree,Quercus,nigra,native,tree,2018,Quercus nigra
blanding,blanding n1,RHCO,1,2018-05-24,NA,Rhus copallinum,shrub,Rhus,copallinum,native,shrub,2018,Rhus copallinum
blanding,blanding i1,QUGE,1,2018-05-25,NA,Quercus geminata,tree,Quercus,geminata,native,tree,2018,Quercus geminata
blanding,blanding j1,QUGE,3,2018-05-25,NA,Quercus geminata,tree,Quercus,geminata,native,tree,2018,Quercus geminata
blanding,blanding j1,QUMY,1,2018-05-25,NA,Quercus myrtifolia,tree,Quercus,myrtifolia,native,tree,2018,Quercus myrtifolia
blanding,blanding i1,QUNI,3,2018-05-25,NA,Quercus nigra,tree,Quercus,nigra,native,tree,2018,Quercus nigra
avonpark,avonpark e2,RHCO,1,2018-05-29,NA,Rhus copallinum,shrub,Rhus,copallinum,native,shrub,2018,Rhus copallinum
avonpark,avonpark e2,SERE,2,2018-05-29,NA,Serenoa repens,shrub/tree,Serenoa,repens,native,shrub/tree,2018,Serenoa repens
avonpark,avonpark e1,NA,0,2018-05-29,placeholder zero for plot visit,NA,NA,NA,NA,NA,NA,2018,NA NA
avonpark,avonpark a1,ASIMI,1,2018-05-30,NA,Asimina spp.,shrub,Asimina,spp.,native/introduced,shrub,2018,Asimina spp.
avonpark,avonpark a2,ILGL,1,2018-05-30,NA,Ilex glabra,shrub,Ilex,glabra,native,shrub,2018,Ilex glabra
avonpark,avonpark a1,SERE,6,2018-05-30,NA,Serenoa repens,shrub/tree,Serenoa,repens,native,shrub/tree,2018,Serenoa repens
avonpark,avonpark a2,SERE,10,2018-05-30,NA,Serenoa repens,shrub/tree,Serenoa,repens,native,shrub/tree,2018,Serenoa repens
avonpark,avonpark g1,ILGL,43,2018-05-31,NA,Ilex glabra,shrub,Ilex,glabra,native,shrub,2018,Ilex glabra
avonpark,avonpark c2,MOCE,9,2018-05-31,NA,Morella cerifera,shrub,Morella,cerifera,native,shrub,2018,Morella cerifera
avonpark,avonpark c2,PIPA,1,2018-05-31,NA,Pinus palustris,tree,Pinus,palustris,native,tree,2018,Pinus palustris
avonpark,avonpark c2,SERE,41,2018-05-31,NA,Serenoa repens,shrub/tree,Serenoa,repens,native,shrub/tree,2018,Serenoa repens
avonpark,avonpark f1,SERE,1,2018-05-31,NA,Serenoa repens,shrub/tree,Serenoa,repens,native,shrub/tree,2018,Serenoa repens
avonpark,avonpark c1,SERE,10,2018-05-31,NA,Serenoa repens,shrub/tree,Serenoa,repens,native,shrub/tree,2018,Serenoa repens
avonpark,avonpark i1,ILGL,39,2018-06-01,NA,Ilex glabra,shrub,Ilex,glabra,native,shrub,2018,Ilex glabra
avonpark,avonpark h1,SERE,3,2018-06-01,NA,Serenoa repens,shrub/tree,Serenoa,repens,native,shrub/tree,2018,Serenoa repens
avonpark,avonpark i1,SERE,9,2018-06-01,NA,Serenoa repens,shrub/tree,Serenoa,repens,native,shrub/tree,2018,Serenoa repens
eglin,eglin g1,CAAM,4,2018-06-11,NA,Callicarpa americana,shrub,Callicarpa,americana,native,shrub,2018,Callicarpa americana
eglin,eglin g1,CRAR2,22,2018-06-11,NA,Croton argyranthemus,forb,Croton,argyranthemus,native,forb,2018,Croton argyranthemus
eglin,eglin g1,ILVO,1,2018-06-11,NA,Ilex vomitoria,shrub,Ilex,vomitoria,native,shrub,2018,Ilex vomitoria
eglin,eglin e1,PICL,2,2018-06-11,NA,Pinus clausa,tree,Pinus,clausa,native,tree,2018,Pinus clausa
eglin,eglin a1,PIPA,1,2018-06-11,NA,Pinus palustris,tree,Pinus,palustris,native,tree,2018,Pinus palustris
eglin,eglin g1,QUAL,5,2018-06-11,NA,Quercus alba,tree,Quercus,alba,native,tree,2018,Quercus alba
eglin,eglin g1,QUGE,2,2018-06-11,NA,Quercus geminata,tree,Quercus,geminata,native,tree,2018,Quercus geminata
eglin,eglin a1,QULA,8,2018-06-11,NA,Quercus laevis,tree,Quercus,laevis,native,tree,2018,Quercus laevis
eglin,eglin g1,QULA,2,2018-06-11,NA,Quercus laevis,tree,Quercus,laevis,native,tree,2018,Quercus laevis
eglin,eglin a1,SERE,6,2018-06-11,NA,Serenoa repens,shrub/tree,Serenoa,repens,native,shrub/tree,2018,Serenoa repens
eglin,eglin g1,SERE,9,2018-06-11,NA,Serenoa repens,shrub/tree,Serenoa,repens,native,shrub/tree,2018,Serenoa repens
eglin,eglin i1,BAMBU,6,2018-06-12,NA,Bambusa spp.,graminoid,Bambusa,spp.,introduced,graminoid,2018,Bambusa spp.
eglin,eglin i1,ILGL,7,2018-06-12,NA,Ilex glabra,shrub,Ilex,glabra,native,shrub,2018,Ilex glabra
eglin,eglin i1,ILEX,32,2018-06-12,NA,Ilex spp.,shrub,Ilex,spp.,native/introduced,shrub,2018,Ilex spp.
eglin,eglin i1,ILVO,4,2018-06-12,NA,Ilex vomitoria,shrub,Ilex,vomitoria,native,shrub,2018,Ilex vomitoria
eglin,eglin i1,PEBO,1,2018-06-12,NA,Persea borbonia,tree,Persea,borbonia,native,tree,2018,Persea borbonia
eglin,eglin i1,QUFA,23,2018-06-12,?? Rubus? Or north/southern red SC 8/30. changed to southern red oak from rubus oak,Quercus falcata,tree,Quercus,falcata,native,tree,2018,Quercus falcata
eglin,eglin i1,QUNI,19,2018-06-12,NA,Quercus nigra,tree,Quercus,nigra,native,tree,2018,Quercus nigra
eglin,eglin i1,VACCI,7,2018-06-12,NA,Vaccinium spp.,shrub,Vaccinium,spp.,native,shrub,2018,Vaccinium spp.
eglin,eglin c1,QUHE,1,2018-06-13,NA,Quercus hemisphaerica,tree,Quercus,hemisphaerica,native,tree,2018,Quercus hemisphaerica
eglin,eglin j1,QUHE,8,2018-06-13,NA,Quercus hemisphaerica,tree,Quercus,hemisphaerica,native,tree,2018,Quercus hemisphaerica
eglin,eglin j1,QULA,1,2018-06-13,NA,Quercus laevis,tree,Quercus,laevis,native,tree,2018,Quercus laevis
eglin,eglin c1,QUNI,2,2018-06-13,NA,Quercus nigra,tree,Quercus,nigra,native,tree,2018,Quercus nigra
eglin,eglin c1,SERE,1,2018-06-13,NA,Serenoa repens,shrub/tree,Serenoa,repens,native,shrub/tree,2018,Serenoa repens
eglin,eglin j1,SERE,3,2018-06-13,NA,Serenoa repens,shrub/tree,Serenoa,repens,native,shrub/tree,2018,Serenoa repens
eglin,eglin j1,VACCI,3,2018-06-13,NA,Vaccinium spp.,shrub,Vaccinium,spp.,native,shrub,2018,Vaccinium spp.
eglin,eglin f1,CRATA,4,2018-06-15,NA,Crataegus spp.,shrub,Crataegus,spp.,native/introduced,shrub,2018,Crataegus spp.
eglin,eglin f1,CRAR2,15,2018-06-15,NA,Croton argyranthemus,forb,Croton,argyranthemus,native,forb,2018,Croton argyranthemus
eglin,eglin b2,PIPA,5,2018-06-15,NA,Pinus palustris,tree,Pinus,palustris,native,tree,2018,Pinus palustris
eglin,eglin f1,PIPA,2,2018-06-15,NA,Pinus palustris,tree,Pinus,palustris,native,tree,2018,Pinus palustris
eglin,eglin f1,QUGE,10,2018-06-15,NA,Quercus geminata,tree,Quercus,geminata,native,tree,2018,Quercus geminata
eglin,eglin f1,QUHE,2,2018-06-15,NA,Quercus hemisphaerica,tree,Quercus,hemisphaerica,native,tree,2018,Quercus hemisphaerica
eglin,eglin f1,QULA,4,2018-06-15,NA,Quercus laevis,tree,Quercus,laevis,native,tree,2018,Quercus laevis
eglin,eglin f1,QUNI,7,2018-06-15,NA,Quercus nigra,tree,Quercus,nigra,native,tree,2018,Quercus nigra
eglin,eglin b2,SERE,11,2018-06-15,NA,Serenoa repens,shrub/tree,Serenoa,repens,native,shrub/tree,2018,Serenoa repens
tyndall,tyndall d2,ILGL,5,2018-06-25,NA,Ilex glabra,shrub,Ilex,glabra,native,shrub,2018,Ilex glabra
tyndall,tyndall d2,MAGNO,17,2018-06-25,NA,Magnolia spp.,shrub/tree,Magnolia,spp.,native/introduced,shrub/tree,2018,Magnolia spp.
tyndall,tyndall d2,PIEL,1,2018-06-25,NA,Pinus elliottii,tree,Pinus,elliottii,native,tree,2018,Pinus elliottii
tyndall,tyndall b2,SERE,1,2018-06-25,NA,Serenoa repens,shrub/tree,Serenoa,repens,native,shrub/tree,2018,Serenoa repens
tyndall,tyndall d2,LITR,61,2018-06-25,NA,NA,NA,NA,NA,NA,NA,2018,NA NA
tyndall,tyndall d2,VACCI,27,2018-06-25,NA,Vaccinium spp.,shrub,Vaccinium,spp.,native,shrub,2018,Vaccinium spp.
tyndall,tyndall c1,ILGL,333,2018-06-26,NA,Ilex glabra,shrub,Ilex,glabra,native,shrub,2018,Ilex glabra
tyndall,tyndall c2,ILGL,238,2018-06-26,NA,Ilex glabra,shrub,Ilex,glabra,native,shrub,2018,Ilex glabra
tyndall,tyndall c1,LYFE,1,2018-06-26,changed to rusty staggerbush,Lyonia ferruginea,shrub,Lyonia,ferruginea,native,shrub,2018,Lyonia ferruginea
tyndall,tyndall c2,QUMY,2,2018-06-26,NA,Quercus myrtifolia,tree,Quercus,myrtifolia,native,tree,2018,Quercus myrtifolia
tyndall,tyndall c1,SERE,3,2018-06-26,NA,Serenoa repens,shrub/tree,Serenoa,repens,native,shrub/tree,2018,Serenoa repens
tyndall,tyndall c2,SERE,4,2018-06-26,NA,Serenoa repens,shrub/tree,Serenoa,repens,native,shrub/tree,2018,Serenoa repens
tyndall,tyndall c2,other,1,2018-06-26,"random shrub drews phone time stamp 1:15, 6/26",NA,NA,NA,NA,NA,NA,2018,NA NA
tyndall,tyndall b3,ILGL,23,2018-06-27,NA,Ilex glabra,shrub,Ilex,glabra,native,shrub,2018,Ilex glabra
tyndall,tyndall b4,ILEX,71,2018-06-27,NA,Ilex spp.,shrub,Ilex,spp.,native/introduced,shrub,2018,Ilex spp.
tyndall,tyndall b4,SERE,1,2018-06-27,NA,Serenoa repens,shrub/tree,Serenoa,repens,native,shrub/tree,2018,Serenoa repens
tyndall,tyndall b4,VACCI,1,2018-06-27,NA,Vaccinium spp.,shrub,Vaccinium,spp.,native,shrub,2018,Vaccinium spp.
jackson,jackson d1,CARYA,1,2018-07-09,NA,Carya spp.,tree,Carya,spp.,native,tree,2018,Carya spp.
jackson,jackson c1,DIVI,3,2018-07-09,NA,Diospyros virginiana,tree,Diospyros,virginiana,native,tree,2018,Diospyros virginiana
jackson,jackson d1,QUNI,1,2018-07-09,NA,Quercus nigra,tree,Quercus,nigra,native,tree,2018,Quercus nigra
jackson,jackson d1,QURU,8,2018-07-09,NA,Quercus rubra,tree,Quercus,rubra,native,tree,2018,Quercus rubra
jackson,jackson a1,NA,0,2018-07-09,placeholder zero for plot visit,NA,NA,NA,NA,NA,NA,2018,NA NA
jackson,jackson b1,NA,0,2018-07-09,placeholder zero for plot visit,NA,NA,NA,NA,NA,NA,2018,NA NA
jackson,jackson e1,PIPA,1,2018-07-10,NA,Pinus palustris,tree,Pinus,palustris,native,tree,2018,Pinus palustris
jackson,jackson e1,QULA,1,2018-07-10,NA,Quercus laevis,tree,Quercus,laevis,native,tree,2018,Quercus laevis
jackson,jackson f1,QULA,3,2018-07-10,NA,Quercus laevis,tree,Quercus,laevis,native,tree,2018,Quercus laevis
jackson,jackson e1,SAAL5,8,2018-07-10,NA,Sassafras albidum,shrub,Sassafras,albidum,native,shrub,2018,Sassafras albidum
jackson,jackson e1,VAAR,11,2018-07-10,NA,Vaccinium arboreum,shrub/tree,Vaccinium,arboreum,native,shrub/tree,2018,Vaccinium arboreum
jackson,jackson g1,VAAR,4,2018-07-10,NA,Vaccinium arboreum,shrub/tree,Vaccinium,arboreum,native,shrub/tree,2018,Vaccinium arboreum
jackson,jackson f1,VACCI,26,2018-07-10,NA,Vaccinium spp.,shrub,Vaccinium,spp.,native,shrub,2018,Vaccinium spp.
jackson,jackson g1,VACCI,4,2018-07-10,NA,Vaccinium spp.,shrub,Vaccinium,spp.,native,shrub,2018,Vaccinium spp.
jackson,jackson g1,LINDE2,1,2018-07-10,NA,NA,NA,NA,NA,NA,NA,2018,NA NA
jackson,jackson i1,DIVI,8,2018-07-11,NA,Diospyros virginiana,tree,Diospyros,virginiana,native,tree,2018,Diospyros virginiana
jackson,jackson j1,QULA,1,2018-07-11,NA,Quercus laevis,tree,Quercus,laevis,native,tree,2018,Quercus laevis
jackson,jackson j1,SAAL5,1,2018-07-11,NA,Sassafras albidum,shrub,Sassafras,albidum,native,shrub,2018,Sassafras albidum
jackson,jackson j1,VACCI,3,2018-07-11,NA,Vaccinium spp.,shrub,Vaccinium,spp.,native,shrub,2018,Vaccinium spp.
jackson,jackson k1,NA,0,2018-07-11,placeholder zero for plot visit,NA,NA,NA,NA,NA,NA,2018,NA NA
jackson,jackson h1,CARYA,2,2018-07-12,NA,Carya spp.,tree,Carya,spp.,native,tree,2018,Carya spp.
jackson,jackson h1,CARYA,2,2018-07-12,NA,Carya spp.,tree,Carya,spp.,native,tree,2018,Carya spp.
jackson,jackson h1,DIVI,5,2018-07-12,NA,Diospyros virginiana,tree,Diospyros,virginiana,native,tree,2018,Diospyros virginiana
jackson,jackson h1,DIVI,5,2018-07-12,NA,Diospyros virginiana,tree,Diospyros,virginiana,native,tree,2018,Diospyros virginiana
jackson,jackson h1,QUHE,2,2018-07-12,NA,Quercus hemisphaerica,tree,Quercus,hemisphaerica,native,tree,2018,Quercus hemisphaerica
jackson,jackson h1,QUHE,2,2018-07-12,NA,Quercus hemisphaerica,tree,Quercus,hemisphaerica,native,tree,2018,Quercus hemisphaerica
jackson,jackson h1,QUMA,3,2018-07-12,NA,Quercus marilandica,tree,Quercus,marilandica,native,tree,2018,Quercus marilandica
jackson,jackson h1,QUNI,7,2018-07-12,NA,Quercus nigra,tree,Quercus,nigra,native,tree,2018,Quercus nigra
jackson,jackson h1,QUNI,7,2018-07-12,NA,Quercus nigra,tree,Quercus,nigra,native,tree,2018,Quercus nigra
jackson,jackson h1,SAAL5,31,2018-07-12,NA,Sassafras albidum,shrub,Sassafras,albidum,native,shrub,2018,Sassafras albidum
jackson,jackson h1,SAAL5,31,2018-07-12,NA,Sassafras albidum,shrub,Sassafras,albidum,native,shrub,2018,Sassafras albidum
jackson,jackson h1,VACCI,37,2018-07-12,NA,Vaccinium spp.,shrub,Vaccinium,spp.,native,shrub,2018,Vaccinium spp.
jackson,jackson h1,VACCI,37,2018-07-12,NA,Vaccinium spp.,shrub,Vaccinium,spp.,native,shrub,2018,Vaccinium spp.
jackson,jackson h1,QUMA,3,2018-07-12,NA,Quercus marilandica,tree,Quercus,marilandica,native,tree,2018,Quercus marilandica
jackson,jackson l1,CARYA,3,2018-07-13,NA,Carya spp.,tree,Carya,spp.,native,tree,2018,Carya spp.
jackson,jackson l1,DIVI,1,2018-07-13,NA,Diospyros virginiana,tree,Diospyros,virginiana,native,tree,2018,Diospyros virginiana
jackson,jackson m1,DIVI,2,2018-07-13,NA,Diospyros virginiana,tree,Diospyros,virginiana,native,tree,2018,Diospyros virginiana
jackson,jackson m1,PIPA,1,2018-07-13,NA,Pinus palustris,tree,Pinus,palustris,native,tree,2018,Pinus palustris
jackson,jackson l1,PRUNU,5,2018-07-13,Unsure of the ID stated as a shrub either Prunos or sambucus,Prunus  spp.,shrub/tree,Prunus,spp.,native/introduced,shrub/tree,2018,Prunus spp.
jackson,jackson m1,QULA,7,2018-07-13,NA,Quercus laevis,tree,Quercus,laevis,native,tree,2018,Quercus laevis
jackson,jackson l1,QUMA,4,2018-07-13,NA,Quercus marilandica,tree,Quercus,marilandica,native,tree,2018,Quercus marilandica
benning,benning a1,CAAM,1,2018-07-24,NA,Callicarpa americana,shrub,Callicarpa,americana,native,shrub,2018,Callicarpa americana
benning,benning a1,CARYA,20,2018-07-24,NA,Carya spp.,tree,Carya,spp.,native,tree,2018,Carya spp.
benning,benning a1,CRATA,3,2018-07-24,NA,Crataegus spp.,shrub,Crataegus,spp.,native/introduced,shrub,2018,Crataegus spp.
benning,benning a1,LIST,28,2018-07-24,NA,Liquidambar styraciflua,tree,Liquidambar,styraciflua,native,tree,2018,Liquidambar styraciflua
benning,benning b1,LIST,1,2018-07-24,NA,Liquidambar styraciflua,tree,Liquidambar,styraciflua,native,tree,2018,Liquidambar styraciflua
benning,benning a1,MOCE,25,2018-07-24,NA,Morella cerifera,shrub,Morella,cerifera,native,shrub,2018,Morella cerifera
benning,benning a1,PRUNU,4,2018-07-24,NA,Prunus  spp.,shrub/tree,Prunus,spp.,native/introduced,shrub/tree,2018,Prunus spp.
benning,benning a1,QUAL,4,2018-07-24,NA,Quercus alba,tree,Quercus,alba,native,tree,2018,Quercus alba
benning,benning a1,QUHE,8,2018-07-24,NA,Quercus hemisphaerica,tree,Quercus,hemisphaerica,native,tree,2018,Quercus hemisphaerica
benning,benning a1,QUMA,16,2018-07-24,NA,Quercus marilandica,tree,Quercus,marilandica,native,tree,2018,Quercus marilandica
benning,benning a1,RHCO,38,2018-07-24,NA,Rhus copallinum,shrub,Rhus,copallinum,native,shrub,2018,Rhus copallinum
benning,benning a1,SAAL5,2,2018-07-24,NA,Sassafras albidum,shrub,Sassafras,albidum,native,shrub,2018,Sassafras albidum
benning,benning a1,VAAR,1,2018-07-24,NA,Vaccinium arboreum,shrub/tree,Vaccinium,arboreum,native,shrub/tree,2018,Vaccinium arboreum
benning,benning a1,VACCI,22,2018-07-24,NA,Vaccinium spp.,shrub,Vaccinium,spp.,native,shrub,2018,Vaccinium spp.
benning,benning a1,VACCI,15,2018-07-24,NA,Vaccinium spp.,shrub,Vaccinium,spp.,native,shrub,2018,Vaccinium spp.
benning,benning c1,CAAM,24,2018-07-25,NA,Callicarpa americana,shrub,Callicarpa,americana,native,shrub,2018,Callicarpa americana
benning,benning d1,CARYA,4,2018-07-25,NA,Carya spp.,tree,Carya,spp.,native,tree,2018,Carya spp.
benning,benning d1,DIVI,1,2018-07-25,NA,Diospyros virginiana,tree,Diospyros,virginiana,native,tree,2018,Diospyros virginiana
benning,benning c1,LIST,31,2018-07-25,NA,Liquidambar styraciflua,tree,Liquidambar,styraciflua,native,tree,2018,Liquidambar styraciflua
benning,benning d1,LIST,24,2018-07-25,NA,Liquidambar styraciflua,tree,Liquidambar,styraciflua,native,tree,2018,Liquidambar styraciflua
benning,benning d1,PITA,3,2018-07-25,NA,Pinus taeda,tree,Pinus,taeda,native,tree,2018,Pinus taeda
benning,benning d1,QULA,13,2018-07-25,NA,Quercus laevis,tree,Quercus,laevis,native,tree,2018,Quercus laevis
benning,benning d1,QUMA,17,2018-07-25,NA,Quercus marilandica,tree,Quercus,marilandica,native,tree,2018,Quercus marilandica
benning,benning c1,RHCO,2,2018-07-25,NA,Rhus copallinum,shrub,Rhus,copallinum,native,shrub,2018,Rhus copallinum
benning,benning c1,RUBUS,4,2018-07-25,NA,Rubus spp.,forb/shrub,Rubus,spp.,native/introduced,forb/shrub,2018,Rubus spp.
benning,benning d1,VAAR,10,2018-07-25,NA,Vaccinium arboreum,shrub/tree,Vaccinium,arboreum,native,shrub/tree,2018,Vaccinium arboreum
benning,benning d1,VACCI,7,2018-07-25,NA,Vaccinium spp.,shrub,Vaccinium,spp.,native,shrub,2018,Vaccinium spp.
benning,benning f1,DIVI,2,2018-07-26,NA,Diospyros virginiana,tree,Diospyros,virginiana,native,tree,2018,Diospyros virginiana
benning,benning e1,LIST,11,2018-07-26,NA,Liquidambar styraciflua,tree,Liquidambar,styraciflua,native,tree,2018,Liquidambar styraciflua
benning,benning f1,LIST,14,2018-07-26,NA,Liquidambar styraciflua,tree,Liquidambar,styraciflua,native,tree,2018,Liquidambar styraciflua
benning,benning f1,MOCE,3,2018-07-26,NA,Morella cerifera,shrub,Morella,cerifera,native,shrub,2018,Morella cerifera
benning,benning i1,CAAM,3,2018-07-27,NA,Callicarpa americana,shrub,Callicarpa,americana,native,shrub,2018,Callicarpa americana
benning,benning i1,CARYA,1,2018-07-27,NA,Carya spp.,tree,Carya,spp.,native,tree,2018,Carya spp.
benning,benning j1,DIVI,3,2018-07-27,NA,Diospyros virginiana,tree,Diospyros,virginiana,native,tree,2018,Diospyros virginiana
benning,benning j1,LEBI,8,2018-07-27,NA,Lespedeza bicolor Turcz.,forb/shrub,Lespedeza,bicolor Turcz.,invasive,forb/shrub,2018,Lespedeza bicolor Turcz.
benning,benning i1,LIST,1,2018-07-27,NA,Liquidambar styraciflua,tree,Liquidambar,styraciflua,native,tree,2018,Liquidambar styraciflua
benning,benning i1,QUMA,3,2018-07-27,NA,Quercus marilandica,tree,Quercus,marilandica,native,tree,2018,Quercus marilandica
benning,benning j1,QUMA,11,2018-07-27,NA,Quercus marilandica,tree,Quercus,marilandica,native,tree,2018,Quercus marilandica
benning,benning j1,RHCO,49,2018-07-27,NA,Rhus copallinum,shrub,Rhus,copallinum,native,shrub,2018,Rhus copallinum
benning,benning j1,RUBUS,2,2018-07-27,NA,Rubus spp.,forb/shrub,Rubus,spp.,native/introduced,forb/shrub,2018,Rubus spp.
benning,benning j1,VAAR,1,2018-07-27,NA,Vaccinium arboreum,shrub/tree,Vaccinium,arboreum,native,shrub/tree,2018,Vaccinium arboreum
benning,benning j1,thiny,3,2018-07-27,NA,NA,NA,NA,NA,NA,NA,2018,NA NA
benning,benning h1,DIVI,9,2018-07-28,NA,Diospyros virginiana,tree,Diospyros,virginiana,native,tree,2018,Diospyros virginiana
benning,benning h1,EUCA5,12,2018-07-28,NA,Eupatorium capillofolium,forb,Eupatorium,capillofolium,native,forb,2018,Eupatorium capillofolium
benning,benning g1,LEBI,1,2018-07-28,NA,Lespedeza bicolor Turcz.,forb/shrub,Lespedeza,bicolor Turcz.,invasive,forb/shrub,2018,Lespedeza bicolor Turcz.
benning,benning g1,QUFA,2,2018-07-28,NA,Quercus falcata,tree,Quercus,falcata,native,tree,2018,Quercus falcata
benning,benning h1,VACCI,12,2018-07-28,NA,Vaccinium spp.,shrub,Vaccinium,spp.,native,shrub,2018,Vaccinium spp.
benning,benning h1,shrub,2,2018-07-28,NA,NA,NA,NA,NA,NA,NA,2018,NA NA
shelby,shelby a1,CAAM,10,2018-08-11,NA,Callicarpa americana,shrub,Callicarpa,americana,native,shrub,2018,Callicarpa americana
shelby,shelby c1,DIVI,13,2018-08-11,NA,Diospyros virginiana,tree,Diospyros,virginiana,native,tree,2018,Diospyros virginiana
shelby,shelby c1,ILGL,5,2018-08-11,NA,Ilex glabra,shrub,Ilex,glabra,native,shrub,2018,Ilex glabra
shelby,shelby c1,ILVO,27,2018-08-11,NA,Ilex vomitoria,shrub,Ilex,vomitoria,native,shrub,2018,Ilex vomitoria
shelby,shelby c1,PEBO,5,2018-08-11,NA,Persea borbonia,tree,Persea,borbonia,native,tree,2018,Persea borbonia
shelby,shelby c1,RHCO,1,2018-08-11,NA,Rhus copallinum,shrub,Rhus,copallinum,native,shrub,2018,Rhus copallinum
shelby,shelby c1,VAAR,4,2018-08-11,NA,Vaccinium arboreum,shrub/tree,Vaccinium,arboreum,native,shrub/tree,2018,Vaccinium arboreum
shelby,shelby a2,CAAM,23,2018-08-12,NA,Callicarpa americana,shrub,Callicarpa,americana,native,shrub,2018,Callicarpa americana
shelby,shelby e1,DIVI,7,2018-08-12,NA,Diospyros virginiana,tree,Diospyros,virginiana,native,tree,2018,Diospyros virginiana
shelby,shelby e1,ILEX,1,2018-08-12,NA,Ilex spp.,shrub,Ilex,spp.,native/introduced,shrub,2018,Ilex spp.
shelby,shelby a2,LIST,2,2018-08-12,NA,Liquidambar styraciflua,tree,Liquidambar,styraciflua,native,tree,2018,Liquidambar styraciflua
shelby,shelby e1,LIST,1,2018-08-12,NA,Liquidambar styraciflua,tree,Liquidambar,styraciflua,native,tree,2018,Liquidambar styraciflua
shelby,shelby e1,PIPA,1,2018-08-12,NA,Pinus palustris,tree,Pinus,palustris,native,tree,2018,Pinus palustris
shelby,shelby e1,QUHE,1,2018-08-12,NA,Quercus hemisphaerica,tree,Quercus,hemisphaerica,native,tree,2018,Quercus hemisphaerica
shelby,shelby e1,QUMA,9,2018-08-12,NA,Quercus marilandica,tree,Quercus,marilandica,native,tree,2018,Quercus marilandica
shelby,shelby e1,RHCO,2,2018-08-12,NA,Rhus copallinum,shrub,Rhus,copallinum,native,shrub,2018,Rhus copallinum
shelby,shelby e1,RUBUS,12,2018-08-12,NA,Rubus spp.,forb/shrub,Rubus,spp.,native/introduced,forb/shrub,2018,Rubus spp.
shelby,shelby e1,VACCI,1,2018-08-12,NA,Vaccinium spp.,shrub,Vaccinium,spp.,native,shrub,2018,Vaccinium spp.
shelby,shelby h1,ACRU,24,2018-08-13,NA,Acer  rubrum,tree,Acer,rubrum,native,tree,2018,Acer rubrum
shelby,shelby i1,ACRU,3,2018-08-13,NA,Acer  rubrum,tree,Acer,rubrum,native,tree,2018,Acer rubrum
shelby,shelby h1,BAMBU,29,2018-08-13,NA,Bambusa spp.,graminoid,Bambusa,spp.,introduced,graminoid,2018,Bambusa spp.
shelby,shelby i1,DIVI,5,2018-08-13,NA,Diospyros virginiana,tree,Diospyros,virginiana,native,tree,2018,Diospyros virginiana
shelby,shelby h1,ILGL,31,2018-08-13,NA,Ilex glabra,shrub,Ilex,glabra,native,shrub,2018,Ilex glabra
shelby,shelby h1,ILVO,4,2018-08-13,NA,Ilex vomitoria,shrub,Ilex,vomitoria,native,shrub,2018,Ilex vomitoria
shelby,shelby i1,ILVO,20,2018-08-13,NA,Ilex vomitoria,shrub,Ilex,vomitoria,native,shrub,2018,Ilex vomitoria
shelby,shelby h1,MAGNO,21,2018-08-13,NA,Magnolia spp.,shrub/tree,Magnolia,spp.,native/introduced,shrub/tree,2018,Magnolia spp.
shelby,shelby h1,MOCE,11,2018-08-13,NA,Morella cerifera,shrub,Morella,cerifera,native,shrub,2018,Morella cerifera
shelby,shelby i1,MOCE,5,2018-08-13,NA,Morella cerifera,shrub,Morella,cerifera,native,shrub,2018,Morella cerifera
shelby,shelby h1,PEBO,8,2018-08-13,NA,Persea borbonia,tree,Persea,borbonia,native,tree,2018,Persea borbonia
shelby,shelby i1,PIEL,6,2018-08-13,NA,Pinus elliottii,tree,Pinus,elliottii,native,tree,2018,Pinus elliottii
shelby,shelby i1,QULA,1,2018-08-13,NA,Quercus laevis,tree,Quercus,laevis,native,tree,2018,Quercus laevis
shelby,shelby i1,QUNI,1,2018-08-13,NA,Quercus nigra,tree,Quercus,nigra,native,tree,2018,Quercus nigra
shelby,shelby h1,VACCI,16,2018-08-13,"elena 7:58, changed to vaccinium from berry bush",Vaccinium spp.,shrub,Vaccinium,spp.,native,shrub,2018,Vaccinium spp.
shelby,shelby h1,VACCI,1,2018-08-13,NA,Vaccinium spp.,shrub,Vaccinium,spp.,native,shrub,2018,Vaccinium spp.
shelby,shelby i1,VACCI,51,2018-08-13,NA,Vaccinium spp.,shrub,Vaccinium,spp.,native,shrub,2018,Vaccinium spp.
shelby,shelby j1,CAAM,32,2018-08-14,NA,Callicarpa americana,shrub,Callicarpa,americana,native,shrub,2018,Callicarpa americana
shelby,shelby k1,CAAM,21,2018-08-14,NA,Callicarpa americana,shrub,Callicarpa,americana,native,shrub,2018,Callicarpa americana
shelby,shelby j1,DIVI,2,2018-08-14,NA,Diospyros virginiana,tree,Diospyros,virginiana,native,tree,2018,Diospyros virginiana
shelby,shelby k1,DIVI,1,2018-08-14,NA,Diospyros virginiana,tree,Diospyros,virginiana,native,tree,2018,Diospyros virginiana
shelby,shelby j1,ILVO,153,2018-08-14,NA,Ilex vomitoria,shrub,Ilex,vomitoria,native,shrub,2018,Ilex vomitoria
shelby,shelby j1,MOCE,1,2018-08-14,NA,Morella cerifera,shrub,Morella,cerifera,native,shrub,2018,Morella cerifera
shelby,shelby j1,PEBO,8,2018-08-14,NA,Persea borbonia,tree,Persea,borbonia,native,tree,2018,Persea borbonia
shelby,shelby j1,PIEL,7,2018-08-14,NA,Pinus elliottii,tree,Pinus,elliottii,native,tree,2018,Pinus elliottii
shelby,shelby j1,QUMA,2,2018-08-14,NA,Quercus marilandica,tree,Quercus,marilandica,native,tree,2018,Quercus marilandica
shelby,shelby j1,QUNI,1,2018-08-14,NA,Quercus nigra,tree,Quercus,nigra,native,tree,2018,Quercus nigra
shelby,shelby k1,QUST,1,2018-08-14,NA,Quercus stellata,tree,Quercus,stellata,native,tree,2018,Quercus stellata
shelby,shelby j1,RHCO,3,2018-08-14,NA,Rhus copallinum,shrub,Rhus,copallinum,native,shrub,2018,Rhus copallinum
shelby,shelby k1,RHCO,4,2018-08-14,NA,Rhus copallinum,shrub,Rhus,copallinum,native,shrub,2018,Rhus copallinum
shelby,shelby j1,RUBUS,1,2018-08-14,NA,Rubus spp.,forb/shrub,Rubus,spp.,native/introduced,forb/shrub,2018,Rubus spp.
shelby,shelby k1,VAAR,14,2018-08-14,NA,Vaccinium arboreum,shrub/tree,Vaccinium,arboreum,native,shrub/tree,2018,Vaccinium arboreum
shelby,shelby b3,CAAM,8,2018-08-15,NA,Callicarpa americana,shrub,Callicarpa,americana,native,shrub,2018,Callicarpa americana
shelby,shelby b2,ILGL,2,2018-08-15,NA,Ilex glabra,shrub,Ilex,glabra,native,shrub,2018,Ilex glabra
shelby,shelby b2,MAGNO,10,2018-08-15,NA,Magnolia spp.,shrub/tree,Magnolia,spp.,native/introduced,shrub/tree,2018,Magnolia spp.
shelby,shelby b3,PIPA,2,2018-08-15,NA,Pinus palustris,tree,Pinus,palustris,native,tree,2018,Pinus palustris
gordon,gordon x1,DIVI,7,2018-08-20,NA,Diospyros virginiana,tree,Diospyros,virginiana,native,tree,2018,Diospyros virginiana
gordon,gordon y1,DIVI,2,2018-08-20,NA,Diospyros virginiana,tree,Diospyros,virginiana,native,tree,2018,Diospyros virginiana
gordon,gordon z1,PIPA,1,2018-08-20,NA,Pinus palustris,tree,Pinus,palustris,native,tree,2018,Pinus palustris
gordon,gordon z1,PRUNU,1,2018-08-20,NA,Prunus  spp.,shrub/tree,Prunus,spp.,native/introduced,shrub/tree,2018,Prunus spp.
gordon,gordon x1,QUIN,6,2018-08-20,NA,Quercus incana,tree,Quercus,incana,native,tree,2018,Quercus incana
gordon,gordon z1,QUIN,1,2018-08-20,NA,Quercus incana,tree,Quercus,incana,native,tree,2018,Quercus incana
gordon,gordon x1,QULA,1,2018-08-20,NA,Quercus laevis,tree,Quercus,laevis,native,tree,2018,Quercus laevis
gordon,gordon x1,SAAL5,3,2018-08-20,NA,Sassafras albidum,shrub,Sassafras,albidum,native,shrub,2018,Sassafras albidum
gordon,gordon y1,SAAL5,4,2018-08-20,NA,Sassafras albidum,shrub,Sassafras,albidum,native,shrub,2018,Sassafras albidum
gordon,gordon v1,CARYA,2,2018-08-21,NA,Carya spp.,tree,Carya,spp.,native,tree,2018,Carya spp.
gordon,gordon w1,CARYA,2,2018-08-21,NA,Carya spp.,tree,Carya,spp.,native,tree,2018,Carya spp.
gordon,gordon v1,COFL,4,2018-08-21,NA,Cornus floridana,tree,Cornus,floridana,native,tree,2018,Cornus floridana
gordon,gordon w1,COFL,1,2018-08-21,NA,Cornus floridana,tree,Cornus,floridana,native,tree,2018,Cornus floridana
gordon,gordon w1,ILVO,1,2018-08-21,NA,Ilex vomitoria,shrub,Ilex,vomitoria,native,shrub,2018,Ilex vomitoria
gordon,gordon w1,ILOP,1,2018-08-21,NA,Ilex  opaca,shrub,Ilex,opaca,native,shrub,2018,Ilex opaca
gordon,gordon v1,JUVI,1,2018-08-21,eastern red cedar,Juniperus virginiana,tree,Juniperus,virginiana,native,tree,2018,Juniperus virginiana
gordon,gordon w1,LIST,2,2018-08-21,NA,Liquidambar styraciflua,tree,Liquidambar,styraciflua,native,tree,2018,Liquidambar styraciflua
gordon,gordon w1,PEBO,2,2018-08-21,NA,Persea borbonia,tree,Persea,borbonia,native,tree,2018,Persea borbonia
gordon,gordon w1,PIPA,1,2018-08-21,NA,Pinus palustris,tree,Pinus,palustris,native,tree,2018,Pinus palustris
gordon,gordon w1,PRUNU,1,2018-08-21,NA,Prunus  spp.,shrub/tree,Prunus,spp.,native/introduced,shrub/tree,2018,Prunus spp.
gordon,gordon v1,QUHE,3,2018-08-21,NA,Quercus hemisphaerica,tree,Quercus,hemisphaerica,native,tree,2018,Quercus hemisphaerica
gordon,gordon t1,QUIN,1,2018-08-21,NA,Quercus incana,tree,Quercus,incana,native,tree,2018,Quercus incana
gordon,gordon t1,QULA,4,2018-08-21,NA,Quercus laevis,tree,Quercus,laevis,native,tree,2018,Quercus laevis
gordon,gordon v1,QULA,1,2018-08-21,NA,Quercus laevis,tree,Quercus,laevis,native,tree,2018,Quercus laevis
gordon,gordon w1,QUNI,2,2018-08-21,NA,Quercus nigra,tree,Quercus,nigra,native,tree,2018,Quercus nigra
gordon,gordon v1,VACCI,6,2018-08-21,NA,Vaccinium spp.,shrub,Vaccinium,spp.,native,shrub,2018,Vaccinium spp.
gordon,gordon w1,VACCI,2,2018-08-21,NA,Vaccinium spp.,shrub,Vaccinium,spp.,native,shrub,2018,Vaccinium spp.
gordon,gordon v1,VIRO3,3,2018-08-21,NA,Vitis rotundifolia,vine,Vitis,rotundifolia,native,vine,2018,Vitis rotundifolia
gordon,gordon r1,QUMA,2,2018-08-22,NA,Quercus marilandica,tree,Quercus,marilandica,native,tree,2018,Quercus marilandica
gordon,gordon s1,QUMA,1,2018-08-22,NA,Quercus marilandica,tree,Quercus,marilandica,native,tree,2018,Quercus marilandica
gordon,gordon r1,SAAL5,3,2018-08-22,NA,Sassafras albidum,shrub,Sassafras,albidum,native,shrub,2018,Sassafras albidum
gordon,gordon s1,SAAL5,8,2018-08-22,NA,Sassafras albidum,shrub,Sassafras,albidum,native,shrub,2018,Sassafras albidum
gordon,gordon s1,VIRO3,1,2018-08-22,NA,Vitis rotundifolia,vine,Vitis,rotundifolia,native,vine,2018,Vitis rotundifolia
